source_image,obj_id,spatial_element,conf,x1,y1,x2,y2,width,height,area,center_x,center_y,mask_path,crop_path,annotated_path
poc_00001.jpg,0,chair,0.8936520218849182,170,536,300,707,130,171,22230,235.0,621.5,C:\Users\16598\workshop2_part2_yolo\masks\poc_00001_obj000000_chair.png,C:\Users\16598\workshop2_part2_yolo\crops\poc_00001_obj000000_chair.png,C:\Users\16598\workshop2_part2_yolo\annotated\poc_00001.jpg
poc_00001.jpg,1,chair,0.875297486782074,1087,466,1279,718,192,252,48384,1183.0,592.0,C:\Users\16598\workshop2_part2_yolo\masks\poc_00001_obj000001_chair.png,C:\Users\16598\workshop2_part2_yolo\crops\poc_00001_obj000001_chair.png,C:\Users\16598\workshop2_part2_yolo\annotated\poc_00001.jpg
poc_00001.jpg,2,chair,0.736624002456665,871,360,968,514,97,154,14938,919.5,437.0,C:\Users\16598\workshop2_part2_yolo\masks\poc_00001_obj000002_chair.png,C:\Users\16598\workshop2_part2_yolo\crops\poc_00001_obj000002_chair.png,C:\Users\16598\workshop2_part2_yolo\annotated\poc_00001.jpg
poc_00001.jpg,3,chair,0.7202538251876831,603,385,713,611,110,226,24860,658.0,498.0,C:\Users\16598\workshop2_part2_yolo\masks\poc_00001_obj000003_chair.png,C:\Users\16598\workshop2_part2_yolo\crops\poc_00001_obj000003_chair.png,C:\Users\16598\workshop2_part2_yolo\annotated\poc_00001.jpg
poc_00001.jpg,4,dining table,0.6562309265136719,0,578,258,709,258,131,33798,129.0,643.5,C:\Users\16598\workshop2_part2_yolo\masks\poc_00001_obj000004_dining table.png,C:\Users\16598\workshop2_part2_yolo\crops\poc_00001_obj000004_dining table.png,C:\Users\16598\workshop2_part2_yolo\annotated\poc_00001.jpg
poc_00001.jpg,5,chair,0.5830115675926208,1198,425,1278,470,80,45,3600,1238.0,447.5,C:\Users\16598\workshop2_part2_yolo\masks\poc_00001_obj000005_chair.png,C:\Users\16598\workshop2_part2_yolo\crops\poc_00001_obj000005_chair.png,C:\Users\16598\workshop2_part2_yolo\annotated\poc_00001.jpg
poc_00001.jpg,6,chair,0.5734882354736328,1030,361,1119,488,89,127,11303,1074.5,424.5,C:\Users\16598\workshop2_part2_yolo\masks\poc_00001_obj000006_chair.png,C:\Users\16598\workshop2_part2_yolo\crops\poc_00001_obj000006_chair.png,C:\Users\16598\workshop2_part2_yolo\annotated\poc_00001.jpg
poc_00001.jpg,7,dining table,0.5265516638755798,879,361,1110,513,231,152,35112,994.5,437.0,C:\Users\16598\workshop2_part2_yolo\masks\poc_00001_obj000007_dining table.png,C:\Users\16598\workshop2_part2_yolo\crops\poc_00001_obj000007_dining table.png,C:\Users\16598\workshop2_part2_yolo\annotated\poc_00001.jpg
poc_00001.jpg,8,chair,0.4542274475097656,970,262,1031,368,61,106,6466,1000.5,315.0,C:\Users\16598\workshop2_part2_yolo\masks\poc_00001_obj000008_chair.png,C:\Users\16598\workshop2_part2_yolo\crops\poc_00001_obj000008_chair.png,C:\Users\16598\workshop2_part2_yolo\annotated\poc_00001.jpg
poc_00001.jpg,9,chair,0.3517270386219024,814,327,894,469,80,142,11360,854.0,398.0,C:\Users\16598\workshop2_part2_yolo\masks\poc_00001_obj000009_chair.png,C:\Users\16598\workshop2_part2_yolo\crops\poc_00001_obj000009_chair.png,C:\Users\16598\workshop2_part2_yolo\annotated\poc_00001.jpg
poc_00001.jpg,10,dining table,0.2674967348575592,974,460,1279,715,305,255,77775,1126.5,587.5,C:\Users\16598\workshop2_part2_yolo\masks\poc_00001_obj000010_dining table.png,C:\Users\16598\workshop2_part2_yolo\crops\poc_00001_obj000010_dining table.png,C:\Users\16598\workshop2_part2_yolo\annotated\poc_00001.jpg
poc_00001.jpg,11,chair,0.2573378086090088,218,478,259,561,41,83,3403,238.5,519.5,C:\Users\16598\workshop2_part2_yolo\masks\poc_00001_obj000011_chair.png,C:\Users\16598\workshop2_part2_yolo\crops\poc_00001_obj000011_chair.png,C:\Users\16598\workshop2_part2_yolo\annotated\poc_00001.jpg
poc_00005.jpg,12,handbag,0.6039586067199707,483,410,529,498,46,88,4048,506.0,454.0,C:\Users\16598\workshop2_part2_yolo\masks\poc_00005_obj000012_handbag.png,C:\Users\16598\workshop2_part2_yolo\crops\poc_00005_obj000012_handbag.png,C:\Users\16598\workshop2_part2_yolo\annotated\poc_00005.jpg
poc_00005.jpg,13,handbag,0.298692375421524,304,297,351,388,47,91,4277,327.5,342.5,C:\Users\16598\workshop2_part2_yolo\masks\poc_00005_obj000013_handbag.png,C:\Users\16598\workshop2_part2_yolo\crops\poc_00005_obj000013_handbag.png,C:\Users\16598\workshop2_part2_yolo\annotated\poc_00005.jpg
poc_00010.jpg,14,bench,0.3745729625225067,238,380,413,484,175,104,18200,325.5,432.0,C:\Users\16598\workshop2_part2_yolo\masks\poc_00010_obj000014_bench.png,C:\Users\16598\workshop2_part2_yolo\crops\poc_00010_obj000014_bench.png,C:\Users\16598\workshop2_part2_yolo\annotated\poc_00010.jpg
poc_00012.jpg,15,suitcase,0.7583973407745361,762,557,800,619,38,62,2356,781.0,588.0,C:\Users\16598\workshop2_part2_yolo\masks\poc_00012_obj000015_suitcase.png,C:\Users\16598\workshop2_part2_yolo\crops\poc_00012_obj000015_suitcase.png,C:\Users\16598\workshop2_part2_yolo\annotated\poc_00012.jpg
poc_00012.jpg,16,handbag,0.3392959535121918,761,548,799,620,38,72,2736,780.0,584.0,C:\Users\16598\workshop2_part2_yolo\masks\poc_00012_obj000016_handbag.png,C:\Users\16598\workshop2_part2_yolo\crops\poc_00012_obj000016_handbag.png,C:\Users\16598\workshop2_part2_yolo\annotated\poc_00012.jpg
poc_00014.jpg,17,bench,0.3163250982761383,154,293,201,343,47,50,2350,177.5,318.0,C:\Users\16598\workshop2_part2_yolo\masks\poc_00014_obj000017_bench.png,C:\Users\16598\workshop2_part2_yolo\crops\poc_00014_obj000017_bench.png,C:\Users\16598\workshop2_part2_yolo\annotated\poc_00014.jpg
poc_00014.jpg,18,bench,0.2988881468772888,135,301,200,346,65,45,2925,167.5,323.5,C:\Users\16598\workshop2_part2_yolo\masks\poc_00014_obj000018_bench.png,C:\Users\16598\workshop2_part2_yolo\crops\poc_00014_obj000018_bench.png,C:\Users\16598\workshop2_part2_yolo\annotated\poc_00014.jpg
poc_00020.jpg,19,suitcase,0.6653758883476257,780,411,864,544,84,133,11172,822.0,477.5,C:\Users\16598\workshop2_part2_yolo\masks\poc_00020_obj000019_suitcase.png,C:\Users\16598\workshop2_part2_yolo\crops\poc_00020_obj000019_suitcase.png,C:\Users\16598\workshop2_part2_yolo\annotated\poc_00020.jpg
poc_00027.jpg,20,backpack,0.5212261080741882,511,322,681,599,170,277,47090,596.0,460.5,C:\Users\16598\workshop2_part2_yolo\masks\poc_00027_obj000020_backpack.png,C:\Users\16598\workshop2_part2_yolo\crops\poc_00027_obj000020_backpack.png,C:\Users\16598\workshop2_part2_yolo\annotated\poc_00027.jpg
poc_00027.jpg,21,backpack,0.365132600069046,513,324,679,519,166,195,32370,596.0,421.5,C:\Users\16598\workshop2_part2_yolo\masks\poc_00027_obj000021_backpack.png,C:\Users\16598\workshop2_part2_yolo\crops\poc_00027_obj000021_backpack.png,C:\Users\16598\workshop2_part2_yolo\annotated\poc_00027.jpg
poc_00034.jpg,22,chair,0.7068431377410889,311,465,433,659,122,194,23668,372.0,562.0,C:\Users\16598\workshop2_part2_yolo\masks\poc_00034_obj000022_chair.png,C:\Users\16598\workshop2_part2_yolo\crops\poc_00034_obj000022_chair.png,C:\Users\16598\workshop2_part2_yolo\annotated\poc_00034.jpg
poc_00037.jpg,23,handbag,0.6924076080322266,460,244,500,278,40,34,1360,480.0,261.0,C:\Users\16598\workshop2_part2_yolo\masks\poc_00037_obj000023_handbag.png,C:\Users\16598\workshop2_part2_yolo\crops\poc_00037_obj000023_handbag.png,C:\Users\16598\workshop2_part2_yolo\annotated\poc_00037.jpg
poc_00037.jpg,24,backpack,0.3677082657814026,440,46,490,120,50,74,3700,465.0,83.0,C:\Users\16598\workshop2_part2_yolo\masks\poc_00037_obj000024_backpack.png,C:\Users\16598\workshop2_part2_yolo\crops\poc_00037_obj000024_backpack.png,C:\Users\16598\workshop2_part2_yolo\annotated\poc_00037.jpg
poc_00039.jpg,25,chair,0.4095518589019775,1314,741,1408,894,94,153,14382,1361.0,817.5,C:\Users\16598\workshop2_part2_yolo\masks\poc_00039_obj000025_chair.png,C:\Users\16598\workshop2_part2_yolo\crops\poc_00039_obj000025_chair.png,C:\Users\16598\workshop2_part2_yolo\annotated\poc_00039.jpg
poc_00041.jpg,26,suitcase,0.5478635430335999,721,450,826,555,105,105,11025,773.5,502.5,C:\Users\16598\workshop2_part2_yolo\masks\poc_00041_obj000026_suitcase.png,C:\Users\16598\workshop2_part2_yolo\crops\poc_00041_obj000026_suitcase.png,C:\Users\16598\workshop2_part2_yolo\annotated\poc_00041.jpg
poc_00041.jpg,27,suitcase,0.3443568348884582,673,424,725,492,52,68,3536,699.0,458.0,C:\Users\16598\workshop2_part2_yolo\masks\poc_00041_obj000027_suitcase.png,C:\Users\16598\workshop2_part2_yolo\crops\poc_00041_obj000027_suitcase.png,C:\Users\16598\workshop2_part2_yolo\annotated\poc_00041.jpg
poc_00041.jpg,28,handbag,0.3389724195003509,857,373,953,454,96,81,7776,905.0,413.5,C:\Users\16598\workshop2_part2_yolo\masks\poc_00041_obj000028_handbag.png,C:\Users\16598\workshop2_part2_yolo\crops\poc_00041_obj000028_handbag.png,C:\Users\16598\workshop2_part2_yolo\annotated\poc_00041.jpg
poc_00042.jpg,29,couch,0.5921648144721985,4,526,458,639,454,113,51302,231.0,582.5,C:\Users\16598\workshop2_part2_yolo\masks\poc_00042_obj000029_couch.png,C:\Users\16598\workshop2_part2_yolo\crops\poc_00042_obj000029_couch.png,C:\Users\16598\workshop2_part2_yolo\annotated\poc_00042.jpg
poc_00042.jpg,30,potted plant,0.4264425635337829,617,470,669,528,52,58,3016,643.0,499.0,C:\Users\16598\workshop2_part2_yolo\masks\poc_00042_obj000030_potted plant.png,C:\Users\16598\workshop2_part2_yolo\crops\poc_00042_obj000030_potted plant.png,C:\Users\16598\workshop2_part2_yolo\annotated\poc_00042.jpg
poc_00042.jpg,31,potted plant,0.3251784741878509,616,470,670,585,54,115,6210,643.0,527.5,C:\Users\16598\workshop2_part2_yolo\masks\poc_00042_obj000031_potted plant.png,C:\Users\16598\workshop2_part2_yolo\crops\poc_00042_obj000031_potted plant.png,C:\Users\16598\workshop2_part2_yolo\annotated\poc_00042.jpg
poc_00042.jpg,32,suitcase,0.2530536651611328,1139,510,1279,639,140,129,18060,1209.0,574.5,C:\Users\16598\workshop2_part2_yolo\masks\poc_00042_obj000032_suitcase.png,C:\Users\16598\workshop2_part2_yolo\crops\poc_00042_obj000032_suitcase.png,C:\Users\16598\workshop2_part2_yolo\annotated\poc_00042.jpg
poc_00043.jpg,33,handbag,0.349990576505661,427,264,444,281,17,17,289,435.5,272.5,C:\Users\16598\workshop2_part2_yolo\masks\poc_00043_obj000033_handbag.png,C:\Users\16598\workshop2_part2_yolo\crops\poc_00043_obj000033_handbag.png,C:\Users\16598\workshop2_part2_yolo\annotated\poc_00043.jpg
poc_00045.jpg,34,clock,0.6402509808540344,504,1,549,29,45,28,1260,526.5,15.0,C:\Users\16598\workshop2_part2_yolo\masks\poc_00045_obj000034_clock.png,C:\Users\16598\workshop2_part2_yolo\crops\poc_00045_obj000034_clock.png,C:\Users\16598\workshop2_part2_yolo\annotated\poc_00045.jpg
poc_00045.jpg,35,chair,0.3536228239536285,62,292,125,377,63,85,5355,93.5,334.5,C:\Users\16598\workshop2_part2_yolo\masks\poc_00045_obj000035_chair.png,C:\Users\16598\workshop2_part2_yolo\crops\poc_00045_obj000035_chair.png,C:\Users\16598\workshop2_part2_yolo\annotated\poc_00045.jpg
poc_00045.jpg,36,suitcase,0.3373524248600006,418,314,451,346,33,32,1056,434.5,330.0,C:\Users\16598\workshop2_part2_yolo\masks\poc_00045_obj000036_suitcase.png,C:\Users\16598\workshop2_part2_yolo\crops\poc_00045_obj000036_suitcase.png,C:\Users\16598\workshop2_part2_yolo\annotated\poc_00045.jpg
poc_00045.jpg,37,bench,0.3301367461681366,62,292,125,376,63,84,5292,93.5,334.0,C:\Users\16598\workshop2_part2_yolo\masks\poc_00045_obj000037_bench.png,C:\Users\16598\workshop2_part2_yolo\crops\poc_00045_obj000037_bench.png,C:\Users\16598\workshop2_part2_yolo\annotated\poc_00045.jpg
poc_00047.jpg,38,handbag,0.7270783185958862,1068,329,1239,608,171,279,47709,1153.5,468.5,C:\Users\16598\workshop2_part2_yolo\masks\poc_00047_obj000038_handbag.png,C:\Users\16598\workshop2_part2_yolo\crops\poc_00047_obj000038_handbag.png,C:\Users\16598\workshop2_part2_yolo\annotated\poc_00047.jpg
poc_00047.jpg,39,handbag,0.2836198210716247,676,362,735,471,59,109,6431,705.5,416.5,C:\Users\16598\workshop2_part2_yolo\masks\poc_00047_obj000039_handbag.png,C:\Users\16598\workshop2_part2_yolo\crops\poc_00047_obj000039_handbag.png,C:\Users\16598\workshop2_part2_yolo\annotated\poc_00047.jpg
poc_00048.jpg,40,potted plant,0.2819799184799194,282,281,323,328,41,47,1927,302.5,304.5,C:\Users\16598\workshop2_part2_yolo\masks\poc_00048_obj000040_potted plant.png,C:\Users\16598\workshop2_part2_yolo\crops\poc_00048_obj000040_potted plant.png,C:\Users\16598\workshop2_part2_yolo\annotated\poc_00048.jpg
poc_00049.jpg,41,handbag,0.5303937792778015,203,339,288,490,85,151,12835,245.5,414.5,C:\Users\16598\workshop2_part2_yolo\masks\poc_00049_obj000041_handbag.png,C:\Users\16598\workshop2_part2_yolo\crops\poc_00049_obj000041_handbag.png,C:\Users\16598\workshop2_part2_yolo\annotated\poc_00049.jpg
poc_00054.jpg,42,handbag,0.3102297484874725,1537,670,1665,802,128,132,16896,1601.0,736.0,C:\Users\16598\workshop2_part2_yolo\masks\poc_00054_obj000042_handbag.png,C:\Users\16598\workshop2_part2_yolo\crops\poc_00054_obj000042_handbag.png,C:\Users\16598\workshop2_part2_yolo\annotated\poc_00054.jpg
poc_00054.jpg,43,handbag,0.2767128944396972,1367,635,1438,775,71,140,9940,1402.5,705.0,C:\Users\16598\workshop2_part2_yolo\masks\poc_00054_obj000043_handbag.png,C:\Users\16598\workshop2_part2_yolo\crops\poc_00054_obj000043_handbag.png,C:\Users\16598\workshop2_part2_yolo\annotated\poc_00054.jpg
poc_00056.jpg,44,bench,0.3731862306594848,101,397,228,451,127,54,6858,164.5,424.0,C:\Users\16598\workshop2_part2_yolo\masks\poc_00056_obj000044_bench.png,C:\Users\16598\workshop2_part2_yolo\crops\poc_00056_obj000044_bench.png,C:\Users\16598\workshop2_part2_yolo\annotated\poc_00056.jpg
poc_00056.jpg,45,bench,0.2960566282272339,101,401,183,453,82,52,4264,142.0,427.0,C:\Users\16598\workshop2_part2_yolo\masks\poc_00056_obj000045_bench.png,C:\Users\16598\workshop2_part2_yolo\crops\poc_00056_obj000045_bench.png,C:\Users\16598\workshop2_part2_yolo\annotated\poc_00056.jpg
poc_00056.jpg,46,bench,0.2673813104629516,171,398,229,433,58,35,2030,200.0,415.5,C:\Users\16598\workshop2_part2_yolo\masks\poc_00056_obj000046_bench.png,C:\Users\16598\workshop2_part2_yolo\crops\poc_00056_obj000046_bench.png,C:\Users\16598\workshop2_part2_yolo\annotated\poc_00056.jpg
poc_00058.jpg,47,bench,0.6835324764251709,408,437,535,541,127,104,13208,471.5,489.0,C:\Users\16598\workshop2_part2_yolo\masks\poc_00058_obj000047_bench.png,C:\Users\16598\workshop2_part2_yolo\crops\poc_00058_obj000047_bench.png,C:\Users\16598\workshop2_part2_yolo\annotated\poc_00058.jpg
poc_00058.jpg,48,potted plant,0.2672865688800812,204,5,570,537,366,532,194712,387.0,271.0,C:\Users\16598\workshop2_part2_yolo\masks\poc_00058_obj000048_potted plant.png,C:\Users\16598\workshop2_part2_yolo\crops\poc_00058_obj000048_potted plant.png,C:\Users\16598\workshop2_part2_yolo\annotated\poc_00058.jpg
poc_00060.jpg,49,chair,0.2996949553489685,719,257,808,419,89,162,14418,763.5,338.0,C:\Users\16598\workshop2_part2_yolo\masks\poc_00060_obj000049_chair.png,C:\Users\16598\workshop2_part2_yolo\crops\poc_00060_obj000049_chair.png,C:\Users\16598\workshop2_part2_yolo\annotated\poc_00060.jpg
poc_00060.jpg,50,potted plant,0.2764779925346374,243,234,382,460,139,226,31414,312.5,347.0,C:\Users\16598\workshop2_part2_yolo\masks\poc_00060_obj000050_potted plant.png,C:\Users\16598\workshop2_part2_yolo\crops\poc_00060_obj000050_potted plant.png,C:\Users\16598\workshop2_part2_yolo\annotated\poc_00060.jpg
poc_00063.jpg,51,chair,0.2593816816806793,642,236,678,291,36,55,1980,660.0,263.5,C:\Users\16598\workshop2_part2_yolo\masks\poc_00063_obj000051_chair.png,C:\Users\16598\workshop2_part2_yolo\crops\poc_00063_obj000051_chair.png,C:\Users\16598\workshop2_part2_yolo\annotated\poc_00063.jpg
poc_00068.jpg,52,bench,0.4434615969657898,925,365,1071,498,146,133,19418,998.0,431.5,C:\Users\16598\workshop2_part2_yolo\masks\poc_00068_obj000052_bench.png,C:\Users\16598\workshop2_part2_yolo\crops\poc_00068_obj000052_bench.png,C:\Users\16598\workshop2_part2_yolo\annotated\poc_00068.jpg
poc_00068.jpg,53,handbag,0.265760064125061,1036,318,1099,364,63,46,2898,1067.5,341.0,C:\Users\16598\workshop2_part2_yolo\masks\poc_00068_obj000053_handbag.png,C:\Users\16598\workshop2_part2_yolo\crops\poc_00068_obj000053_handbag.png,C:\Users\16598\workshop2_part2_yolo\annotated\poc_00068.jpg
poc_00071.jpg,54,dining table,0.2613378465175628,534,607,1567,795,1033,188,194204,1050.5,701.0,C:\Users\16598\workshop2_part2_yolo\masks\poc_00071_obj000054_dining table.png,C:\Users\16598\workshop2_part2_yolo\crops\poc_00071_obj000054_dining table.png,C:\Users\16598\workshop2_part2_yolo\annotated\poc_00071.jpg
poc_00077.jpg,55,suitcase,0.5252524018287659,759,531,805,589,46,58,2668,782.0,560.0,C:\Users\16598\workshop2_part2_yolo\masks\poc_00077_obj000055_suitcase.png,C:\Users\16598\workshop2_part2_yolo\crops\poc_00077_obj000055_suitcase.png,C:\Users\16598\workshop2_part2_yolo\annotated\poc_00077.jpg
poc_00077.jpg,56,suitcase,0.3139895498752594,735,445,802,520,67,75,5025,768.5,482.5,C:\Users\16598\workshop2_part2_yolo\masks\poc_00077_obj000056_suitcase.png,C:\Users\16598\workshop2_part2_yolo\crops\poc_00077_obj000056_suitcase.png,C:\Users\16598\workshop2_part2_yolo\annotated\poc_00077.jpg
poc_00077.jpg,57,suitcase,0.2891804277896881,723,444,803,542,80,98,7840,763.0,493.0,C:\Users\16598\workshop2_part2_yolo\masks\poc_00077_obj000057_suitcase.png,C:\Users\16598\workshop2_part2_yolo\crops\poc_00077_obj000057_suitcase.png,C:\Users\16598\workshop2_part2_yolo\annotated\poc_00077.jpg
poc_00079.jpg,58,clock,0.5010452270507812,425,385,468,429,43,44,1892,446.5,407.0,C:\Users\16598\workshop2_part2_yolo\masks\poc_00079_obj000058_clock.png,C:\Users\16598\workshop2_part2_yolo\crops\poc_00079_obj000058_clock.png,C:\Users\16598\workshop2_part2_yolo\annotated\poc_00079.jpg
poc_00081.jpg,59,clock,0.8304978609085083,494,0,1179,309,685,309,211665,836.5,154.5,C:\Users\16598\workshop2_part2_yolo\masks\poc_00081_obj000059_clock.png,C:\Users\16598\workshop2_part2_yolo\crops\poc_00081_obj000059_clock.png,C:\Users\16598\workshop2_part2_yolo\annotated\poc_00081.jpg
poc_00082.jpg,60,bench,0.5128523111343384,955,715,1478,959,523,244,127612,1216.5,837.0,C:\Users\16598\workshop2_part2_yolo\masks\poc_00082_obj000060_bench.png,C:\Users\16598\workshop2_part2_yolo\crops\poc_00082_obj000060_bench.png,C:\Users\16598\workshop2_part2_yolo\annotated\poc_00082.jpg
poc_00082.jpg,61,handbag,0.4479540586471557,999,399,1092,652,93,253,23529,1045.5,525.5,C:\Users\16598\workshop2_part2_yolo\masks\poc_00082_obj000061_handbag.png,C:\Users\16598\workshop2_part2_yolo\crops\poc_00082_obj000061_handbag.png,C:\Users\16598\workshop2_part2_yolo\annotated\poc_00082.jpg
poc_00082.jpg,62,chair,0.4303875565528869,57,425,135,520,78,95,7410,96.0,472.5,C:\Users\16598\workshop2_part2_yolo\masks\poc_00082_obj000062_chair.png,C:\Users\16598\workshop2_part2_yolo\crops\poc_00082_obj000062_chair.png,C:\Users\16598\workshop2_part2_yolo\annotated\poc_00082.jpg
poc_00082.jpg,63,handbag,0.3201637864112854,842,366,893,469,51,103,5253,867.5,417.5,C:\Users\16598\workshop2_part2_yolo\masks\poc_00082_obj000063_handbag.png,C:\Users\16598\workshop2_part2_yolo\crops\poc_00082_obj000063_handbag.png,C:\Users\16598\workshop2_part2_yolo\annotated\poc_00082.jpg
poc_00082.jpg,64,chair,0.2669927179813385,167,421,273,523,106,102,10812,220.0,472.0,C:\Users\16598\workshop2_part2_yolo\masks\poc_00082_obj000064_chair.png,C:\Users\16598\workshop2_part2_yolo\crops\poc_00082_obj000064_chair.png,C:\Users\16598\workshop2_part2_yolo\annotated\poc_00082.jpg
poc_00082.jpg,65,chair,0.2516492009162903,315,423,374,510,59,87,5133,344.5,466.5,C:\Users\16598\workshop2_part2_yolo\masks\poc_00082_obj000065_chair.png,C:\Users\16598\workshop2_part2_yolo\crops\poc_00082_obj000065_chair.png,C:\Users\16598\workshop2_part2_yolo\annotated\poc_00082.jpg
poc_00083.jpg,66,handbag,0.3014892935752868,549,449,579,501,30,52,1560,564.0,475.0,C:\Users\16598\workshop2_part2_yolo\masks\poc_00083_obj000066_handbag.png,C:\Users\16598\workshop2_part2_yolo\crops\poc_00083_obj000066_handbag.png,C:\Users\16598\workshop2_part2_yolo\annotated\poc_00083.jpg
poc_00086.jpg,67,suitcase,0.5160133838653564,381,563,499,686,118,123,14514,440.0,624.5,C:\Users\16598\workshop2_part2_yolo\masks\poc_00086_obj000067_suitcase.png,C:\Users\16598\workshop2_part2_yolo\crops\poc_00086_obj000067_suitcase.png,C:\Users\16598\workshop2_part2_yolo\annotated\poc_00086.jpg
poc_00086.jpg,68,potted plant,0.355841726064682,858,94,1133,281,275,187,51425,995.5,187.5,C:\Users\16598\workshop2_part2_yolo\masks\poc_00086_obj000068_potted plant.png,C:\Users\16598\workshop2_part2_yolo\crops\poc_00086_obj000068_potted plant.png,C:\Users\16598\workshop2_part2_yolo\annotated\poc_00086.jpg
poc_00086.jpg,69,handbag,0.3038833737373352,593,505,664,574,71,69,4899,628.5,539.5,C:\Users\16598\workshop2_part2_yolo\masks\poc_00086_obj000069_handbag.png,C:\Users\16598\workshop2_part2_yolo\crops\poc_00086_obj000069_handbag.png,C:\Users\16598\workshop2_part2_yolo\annotated\poc_00086.jpg
poc_00086.jpg,70,suitcase,0.2670848071575165,591,507,660,634,69,127,8763,625.5,570.5,C:\Users\16598\workshop2_part2_yolo\masks\poc_00086_obj000070_suitcase.png,C:\Users\16598\workshop2_part2_yolo\crops\poc_00086_obj000070_suitcase.png,C:\Users\16598\workshop2_part2_yolo\annotated\poc_00086.jpg
poc_00087.jpg,71,suitcase,0.4426779747009277,557,522,616,605,59,83,4897,586.5,563.5,C:\Users\16598\workshop2_part2_yolo\masks\poc_00087_obj000071_suitcase.png,C:\Users\16598\workshop2_part2_yolo\crops\poc_00087_obj000071_suitcase.png,C:\Users\16598\workshop2_part2_yolo\annotated\poc_00087.jpg
poc_00087.jpg,72,potted plant,0.4058286547660827,773,95,1046,263,273,168,45864,909.5,179.0,C:\Users\16598\workshop2_part2_yolo\masks\poc_00087_obj000072_potted plant.png,C:\Users\16598\workshop2_part2_yolo\crops\poc_00087_obj000072_potted plant.png,C:\Users\16598\workshop2_part2_yolo\annotated\poc_00087.jpg
poc_00090.jpg,73,potted plant,0.6227822303771973,43,189,182,513,139,324,45036,112.5,351.0,C:\Users\16598\workshop2_part2_yolo\masks\poc_00090_obj000073_potted plant.png,C:\Users\16598\workshop2_part2_yolo\crops\poc_00090_obj000073_potted plant.png,C:\Users\16598\workshop2_part2_yolo\annotated\poc_00090.jpg
poc_00090.jpg,74,potted plant,0.3469928205013275,1164,536,1279,649,115,113,12995,1221.5,592.5,C:\Users\16598\workshop2_part2_yolo\masks\poc_00090_obj000074_potted plant.png,C:\Users\16598\workshop2_part2_yolo\crops\poc_00090_obj000074_potted plant.png,C:\Users\16598\workshop2_part2_yolo\annotated\poc_00090.jpg
poc_00095.jpg,75,bench,0.5604129433631897,946,425,1037,501,91,76,6916,991.5,463.0,C:\Users\16598\workshop2_part2_yolo\masks\poc_00095_obj000075_bench.png,C:\Users\16598\workshop2_part2_yolo\crops\poc_00095_obj000075_bench.png,C:\Users\16598\workshop2_part2_yolo\annotated\poc_00095.jpg
poc_00096.jpg,76,bench,0.5900470614433289,944,425,1036,500,92,75,6900,990.0,462.5,C:\Users\16598\workshop2_part2_yolo\masks\poc_00096_obj000076_bench.png,C:\Users\16598\workshop2_part2_yolo\crops\poc_00096_obj000076_bench.png,C:\Users\16598\workshop2_part2_yolo\annotated\poc_00096.jpg
poc_00097.jpg,77,potted plant,0.567732036113739,1062,232,1279,636,217,404,87668,1170.5,434.0,C:\Users\16598\workshop2_part2_yolo\masks\poc_00097_obj000077_potted plant.png,C:\Users\16598\workshop2_part2_yolo\crops\poc_00097_obj000077_potted plant.png,C:\Users\16598\workshop2_part2_yolo\annotated\poc_00097.jpg
poc_00097.jpg,78,vase,0.4674995541572571,1188,469,1279,636,91,167,15197,1233.5,552.5,C:\Users\16598\workshop2_part2_yolo\masks\poc_00097_obj000078_vase.png,C:\Users\16598\workshop2_part2_yolo\crops\poc_00097_obj000078_vase.png,C:\Users\16598\workshop2_part2_yolo\annotated\poc_00097.jpg
poc_00097.jpg,79,potted plant,0.4478779137134552,260,81,348,629,88,548,48224,304.0,355.0,C:\Users\16598\workshop2_part2_yolo\masks\poc_00097_obj000079_potted plant.png,C:\Users\16598\workshop2_part2_yolo\crops\poc_00097_obj000079_potted plant.png,C:\Users\16598\workshop2_part2_yolo\annotated\poc_00097.jpg
poc_00097.jpg,80,potted plant,0.321565717458725,701,512,761,578,60,66,3960,731.0,545.0,C:\Users\16598\workshop2_part2_yolo\masks\poc_00097_obj000080_potted plant.png,C:\Users\16598\workshop2_part2_yolo\crops\poc_00097_obj000080_potted plant.png,C:\Users\16598\workshop2_part2_yolo\annotated\poc_00097.jpg
poc_00101.jpg,81,chair,0.3394792973995209,1,142,109,251,108,109,11772,55.0,196.5,C:\Users\16598\workshop2_part2_yolo\masks\poc_00101_obj000081_chair.png,C:\Users\16598\workshop2_part2_yolo\crops\poc_00101_obj000081_chair.png,C:\Users\16598\workshop2_part2_yolo\annotated\poc_00101.jpg
poc_00102.jpg,82,chair,0.7388378381729126,350,282,522,522,172,240,41280,436.0,402.0,C:\Users\16598\workshop2_part2_yolo\masks\poc_00102_obj000082_chair.png,C:\Users\16598\workshop2_part2_yolo\crops\poc_00102_obj000082_chair.png,C:\Users\16598\workshop2_part2_yolo\annotated\poc_00102.jpg
poc_00102.jpg,83,chair,0.55176842212677,452,264,574,426,122,162,19764,513.0,345.0,C:\Users\16598\workshop2_part2_yolo\masks\poc_00102_obj000083_chair.png,C:\Users\16598\workshop2_part2_yolo\crops\poc_00102_obj000083_chair.png,C:\Users\16598\workshop2_part2_yolo\annotated\poc_00102.jpg
poc_00102.jpg,84,potted plant,0.309209257364273,1063,0,1203,534,140,534,74760,1133.0,267.0,C:\Users\16598\workshop2_part2_yolo\masks\poc_00102_obj000084_potted plant.png,C:\Users\16598\workshop2_part2_yolo\crops\poc_00102_obj000084_potted plant.png,C:\Users\16598\workshop2_part2_yolo\annotated\poc_00102.jpg
poc_00102.jpg,85,chair,0.2781964540481567,451,265,562,386,111,121,13431,506.5,325.5,C:\Users\16598\workshop2_part2_yolo\masks\poc_00102_obj000085_chair.png,C:\Users\16598\workshop2_part2_yolo\crops\poc_00102_obj000085_chair.png,C:\Users\16598\workshop2_part2_yolo\annotated\poc_00102.jpg
poc_00102.jpg,86,chair,0.2568837702274322,352,282,486,492,134,210,28140,419.0,387.0,C:\Users\16598\workshop2_part2_yolo\masks\poc_00102_obj000086_chair.png,C:\Users\16598\workshop2_part2_yolo\crops\poc_00102_obj000086_chair.png,C:\Users\16598\workshop2_part2_yolo\annotated\poc_00102.jpg
poc_00104.jpg,87,chair,0.5983415246009827,1165,606,1362,804,197,198,39006,1263.5,705.0,C:\Users\16598\workshop2_part2_yolo\masks\poc_00104_obj000087_chair.png,C:\Users\16598\workshop2_part2_yolo\crops\poc_00104_obj000087_chair.png,C:\Users\16598\workshop2_part2_yolo\annotated\poc_00104.jpg
poc_00104.jpg,88,potted plant,0.5076206922531128,285,462,678,796,393,334,131262,481.5,629.0,C:\Users\16598\workshop2_part2_yolo\masks\poc_00104_obj000088_potted plant.png,C:\Users\16598\workshop2_part2_yolo\crops\poc_00104_obj000088_potted plant.png,C:\Users\16598\workshop2_part2_yolo\annotated\poc_00104.jpg
poc_00104.jpg,89,chair,0.4427712559700012,1086,464,1155,594,69,130,8970,1120.5,529.0,C:\Users\16598\workshop2_part2_yolo\masks\poc_00104_obj000089_chair.png,C:\Users\16598\workshop2_part2_yolo\crops\poc_00104_obj000089_chair.png,C:\Users\16598\workshop2_part2_yolo\annotated\poc_00104.jpg
poc_00104.jpg,90,chair,0.274270087480545,1093,506,1151,593,58,87,5046,1122.0,549.5,C:\Users\16598\workshop2_part2_yolo\masks\poc_00104_obj000090_chair.png,C:\Users\16598\workshop2_part2_yolo\crops\poc_00104_obj000090_chair.png,C:\Users\16598\workshop2_part2_yolo\annotated\poc_00104.jpg
poc_00104.jpg,91,potted plant,0.2611946165561676,1408,345,1600,727,192,382,73344,1504.0,536.0,C:\Users\16598\workshop2_part2_yolo\masks\poc_00104_obj000091_potted plant.png,C:\Users\16598\workshop2_part2_yolo\crops\poc_00104_obj000091_potted plant.png,C:\Users\16598\workshop2_part2_yolo\annotated\poc_00104.jpg
poc_00104.jpg,92,chair,0.2588911354541778,1147,430,1240,592,93,162,15066,1193.5,511.0,C:\Users\16598\workshop2_part2_yolo\masks\poc_00104_obj000092_chair.png,C:\Users\16598\workshop2_part2_yolo\crops\poc_00104_obj000092_chair.png,C:\Users\16598\workshop2_part2_yolo\annotated\poc_00104.jpg
poc_00105.jpg,93,clock,0.2880236506462097,171,119,209,155,38,36,1368,190.0,137.0,C:\Users\16598\workshop2_part2_yolo\masks\poc_00105_obj000093_clock.png,C:\Users\16598\workshop2_part2_yolo\crops\poc_00105_obj000093_clock.png,C:\Users\16598\workshop2_part2_yolo\annotated\poc_00105.jpg
poc_00112.jpg,94,potted plant,0.2599844336509704,661,271,737,446,76,175,13300,699.0,358.5,C:\Users\16598\workshop2_part2_yolo\masks\poc_00112_obj000094_potted plant.png,C:\Users\16598\workshop2_part2_yolo\crops\poc_00112_obj000094_potted plant.png,C:\Users\16598\workshop2_part2_yolo\annotated\poc_00112.jpg
poc_00113.jpg,95,chair,0.4695259630680084,686,381,1029,715,343,334,114562,857.5,548.0,C:\Users\16598\workshop2_part2_yolo\masks\poc_00113_obj000095_chair.png,C:\Users\16598\workshop2_part2_yolo\crops\poc_00113_obj000095_chair.png,C:\Users\16598\workshop2_part2_yolo\annotated\poc_00113.jpg
poc_00113.jpg,96,laptop,0.2695986628532409,551,304,726,509,175,205,35875,638.5,406.5,C:\Users\16598\workshop2_part2_yolo\masks\poc_00113_obj000096_laptop.png,C:\Users\16598\workshop2_part2_yolo\crops\poc_00113_obj000096_laptop.png,C:\Users\16598\workshop2_part2_yolo\annotated\poc_00113.jpg
poc_00114.jpg,97,backpack,0.4074409306049347,455,302,637,509,182,207,37674,546.0,405.5,C:\Users\16598\workshop2_part2_yolo\masks\poc_00114_obj000097_backpack.png,C:\Users\16598\workshop2_part2_yolo\crops\poc_00114_obj000097_backpack.png,C:\Users\16598\workshop2_part2_yolo\annotated\poc_00114.jpg
poc_00114.jpg,98,handbag,0.2963624596595764,474,500,566,703,92,203,18676,520.0,601.5,C:\Users\16598\workshop2_part2_yolo\masks\poc_00114_obj000098_handbag.png,C:\Users\16598\workshop2_part2_yolo\crops\poc_00114_obj000098_handbag.png,C:\Users\16598\workshop2_part2_yolo\annotated\poc_00114.jpg
poc_00114.jpg,99,backpack,0.2615744471549988,528,484,754,717,226,233,52658,641.0,600.5,C:\Users\16598\workshop2_part2_yolo\masks\poc_00114_obj000099_backpack.png,C:\Users\16598\workshop2_part2_yolo\crops\poc_00114_obj000099_backpack.png,C:\Users\16598\workshop2_part2_yolo\annotated\poc_00114.jpg
poc_00121.jpg,100,handbag,0.5330950021743774,639,470,673,525,34,55,1870,656.0,497.5,C:\Users\16598\workshop2_part2_yolo\masks\poc_00121_obj000100_handbag.png,C:\Users\16598\workshop2_part2_yolo\crops\poc_00121_obj000100_handbag.png,C:\Users\16598\workshop2_part2_yolo\annotated\poc_00121.jpg
poc_00123.jpg,101,chair,0.5687586665153503,311,265,359,371,48,106,5088,335.0,318.0,C:\Users\16598\workshop2_part2_yolo\masks\poc_00123_obj000101_chair.png,C:\Users\16598\workshop2_part2_yolo\crops\poc_00123_obj000101_chair.png,C:\Users\16598\workshop2_part2_yolo\annotated\poc_00123.jpg
poc_00123.jpg,102,dining table,0.3142389357089996,283,266,356,372,73,106,7738,319.5,319.0,C:\Users\16598\workshop2_part2_yolo\masks\poc_00123_obj000102_dining table.png,C:\Users\16598\workshop2_part2_yolo\crops\poc_00123_obj000102_dining table.png,C:\Users\16598\workshop2_part2_yolo\annotated\poc_00123.jpg
poc_00128.jpg,103,backpack,0.2511996924877167,491,260,661,461,170,201,34170,576.0,360.5,C:\Users\16598\workshop2_part2_yolo\masks\poc_00128_obj000103_backpack.png,C:\Users\16598\workshop2_part2_yolo\crops\poc_00128_obj000103_backpack.png,C:\Users\16598\workshop2_part2_yolo\annotated\poc_00128.jpg
poc_00130.jpg,104,chair,0.6095533967018127,633,352,707,533,74,181,13394,670.0,442.5,C:\Users\16598\workshop2_part2_yolo\masks\poc_00130_obj000104_chair.png,C:\Users\16598\workshop2_part2_yolo\crops\poc_00130_obj000104_chair.png,C:\Users\16598\workshop2_part2_yolo\annotated\poc_00130.jpg
poc_00130.jpg,105,chair,0.5184370279312134,523,408,596,532,73,124,9052,559.5,470.0,C:\Users\16598\workshop2_part2_yolo\masks\poc_00130_obj000105_chair.png,C:\Users\16598\workshop2_part2_yolo\crops\poc_00130_obj000105_chair.png,C:\Users\16598\workshop2_part2_yolo\annotated\poc_00130.jpg
poc_00130.jpg,106,chair,0.4535892009735107,592,380,650,532,58,152,8816,621.0,456.0,C:\Users\16598\workshop2_part2_yolo\masks\poc_00130_obj000106_chair.png,C:\Users\16598\workshop2_part2_yolo\crops\poc_00130_obj000106_chair.png,C:\Users\16598\workshop2_part2_yolo\annotated\poc_00130.jpg
poc_00130.jpg,107,dining table,0.372858464717865,330,300,653,530,323,230,74290,491.5,415.0,C:\Users\16598\workshop2_part2_yolo\masks\poc_00130_obj000107_dining table.png,C:\Users\16598\workshop2_part2_yolo\crops\poc_00130_obj000107_dining table.png,C:\Users\16598\workshop2_part2_yolo\annotated\poc_00130.jpg
poc_00130.jpg,108,chair,0.2762750089168548,527,381,651,532,124,151,18724,589.0,456.5,C:\Users\16598\workshop2_part2_yolo\masks\poc_00130_obj000108_chair.png,C:\Users\16598\workshop2_part2_yolo\crops\poc_00130_obj000108_chair.png,C:\Users\16598\workshop2_part2_yolo\annotated\poc_00130.jpg
poc_00131.jpg,109,handbag,0.3179684579372406,482,371,530,512,48,141,6768,506.0,441.5,C:\Users\16598\workshop2_part2_yolo\masks\poc_00131_obj000109_handbag.png,C:\Users\16598\workshop2_part2_yolo\crops\poc_00131_obj000109_handbag.png,C:\Users\16598\workshop2_part2_yolo\annotated\poc_00131.jpg
poc_00132.jpg,110,handbag,0.2941287159919739,728,262,806,422,78,160,12480,767.0,342.0,C:\Users\16598\workshop2_part2_yolo\masks\poc_00132_obj000110_handbag.png,C:\Users\16598\workshop2_part2_yolo\crops\poc_00132_obj000110_handbag.png,C:\Users\16598\workshop2_part2_yolo\annotated\poc_00132.jpg
poc_00133.jpg,111,handbag,0.4706578254699707,189,406,324,625,135,219,29565,256.5,515.5,C:\Users\16598\workshop2_part2_yolo\masks\poc_00133_obj000111_handbag.png,C:\Users\16598\workshop2_part2_yolo\crops\poc_00133_obj000111_handbag.png,C:\Users\16598\workshop2_part2_yolo\annotated\poc_00133.jpg
poc_00133.jpg,112,handbag,0.3878478705883026,862,423,957,616,95,193,18335,909.5,519.5,C:\Users\16598\workshop2_part2_yolo\masks\poc_00133_obj000112_handbag.png,C:\Users\16598\workshop2_part2_yolo\crops\poc_00133_obj000112_handbag.png,C:\Users\16598\workshop2_part2_yolo\annotated\poc_00133.jpg
poc_00134.jpg,113,potted plant,0.5390118956565857,1294,157,1608,988,314,831,260934,1451.0,572.5,C:\Users\16598\workshop2_part2_yolo\masks\poc_00134_obj000113_potted plant.png,C:\Users\16598\workshop2_part2_yolo\crops\poc_00134_obj000113_potted plant.png,C:\Users\16598\workshop2_part2_yolo\annotated\poc_00134.jpg
poc_00134.jpg,114,bench,0.5106365084648132,434,637,604,822,170,185,31450,519.0,729.5,C:\Users\16598\workshop2_part2_yolo\masks\poc_00134_obj000114_bench.png,C:\Users\16598\workshop2_part2_yolo\crops\poc_00134_obj000114_bench.png,C:\Users\16598\workshop2_part2_yolo\annotated\poc_00134.jpg
poc_00135.jpg,115,potted plant,0.2977727651596069,990,396,1104,606,114,210,23940,1047.0,501.0,C:\Users\16598\workshop2_part2_yolo\masks\poc_00135_obj000115_potted plant.png,C:\Users\16598\workshop2_part2_yolo\crops\poc_00135_obj000115_potted plant.png,C:\Users\16598\workshop2_part2_yolo\annotated\poc_00135.jpg
poc_00141.jpg,116,potted plant,0.3552247285842895,753,808,817,866,64,58,3712,785.0,837.0,C:\Users\16598\workshop2_part2_yolo\masks\poc_00141_obj000116_potted plant.png,C:\Users\16598\workshop2_part2_yolo\crops\poc_00141_obj000116_potted plant.png,C:\Users\16598\workshop2_part2_yolo\annotated\poc_00141.jpg
poc_00144.jpg,117,suitcase,0.4383525550365448,1018,540,1081,717,63,177,11151,1049.5,628.5,C:\Users\16598\workshop2_part2_yolo\masks\poc_00144_obj000117_suitcase.png,C:\Users\16598\workshop2_part2_yolo\crops\poc_00144_obj000117_suitcase.png,C:\Users\16598\workshop2_part2_yolo\annotated\poc_00144.jpg
poc_00144.jpg,118,potted plant,0.29979407787323,492,455,603,602,111,147,16317,547.5,528.5,C:\Users\16598\workshop2_part2_yolo\masks\poc_00144_obj000118_potted plant.png,C:\Users\16598\workshop2_part2_yolo\crops\poc_00144_obj000118_potted plant.png,C:\Users\16598\workshop2_part2_yolo\annotated\poc_00144.jpg
poc_00144.jpg,119,potted plant,0.2835061550140381,478,451,607,701,129,250,32250,542.5,576.0,C:\Users\16598\workshop2_part2_yolo\masks\poc_00144_obj000119_potted plant.png,C:\Users\16598\workshop2_part2_yolo\crops\poc_00144_obj000119_potted plant.png,C:\Users\16598\workshop2_part2_yolo\annotated\poc_00144.jpg
poc_00146.jpg,120,handbag,0.6782362461090088,273,404,409,629,136,225,30600,341.0,516.5,C:\Users\16598\workshop2_part2_yolo\masks\poc_00146_obj000120_handbag.png,C:\Users\16598\workshop2_part2_yolo\crops\poc_00146_obj000120_handbag.png,C:\Users\16598\workshop2_part2_yolo\annotated\poc_00146.jpg
poc_00146.jpg,121,handbag,0.3882310688495636,929,364,972,411,43,47,2021,950.5,387.5,C:\Users\16598\workshop2_part2_yolo\masks\poc_00146_obj000121_handbag.png,C:\Users\16598\workshop2_part2_yolo\crops\poc_00146_obj000121_handbag.png,C:\Users\16598\workshop2_part2_yolo\annotated\poc_00146.jpg
poc_00146.jpg,122,handbag,0.335126519203186,448,468,498,545,50,77,3850,473.0,506.5,C:\Users\16598\workshop2_part2_yolo\masks\poc_00146_obj000122_handbag.png,C:\Users\16598\workshop2_part2_yolo\crops\poc_00146_obj000122_handbag.png,C:\Users\16598\workshop2_part2_yolo\annotated\poc_00146.jpg
poc_00146.jpg,123,handbag,0.319135308265686,448,493,497,547,49,54,2646,472.5,520.0,C:\Users\16598\workshop2_part2_yolo\masks\poc_00146_obj000123_handbag.png,C:\Users\16598\workshop2_part2_yolo\crops\poc_00146_obj000123_handbag.png,C:\Users\16598\workshop2_part2_yolo\annotated\poc_00146.jpg
poc_00149.jpg,124,bench,0.5768436789512634,587,266,711,348,124,82,10168,649.0,307.0,C:\Users\16598\workshop2_part2_yolo\masks\poc_00149_obj000124_bench.png,C:\Users\16598\workshop2_part2_yolo\crops\poc_00149_obj000124_bench.png,C:\Users\16598\workshop2_part2_yolo\annotated\poc_00149.jpg
poc_00149.jpg,125,potted plant,0.5651755332946777,581,164,622,211,41,47,1927,601.5,187.5,C:\Users\16598\workshop2_part2_yolo\masks\poc_00149_obj000125_potted plant.png,C:\Users\16598\workshop2_part2_yolo\crops\poc_00149_obj000125_potted plant.png,C:\Users\16598\workshop2_part2_yolo\annotated\poc_00149.jpg
poc_00149.jpg,126,dining table,0.295103907585144,588,267,707,346,119,79,9401,647.5,306.5,C:\Users\16598\workshop2_part2_yolo\masks\poc_00149_obj000126_dining table.png,C:\Users\16598\workshop2_part2_yolo\crops\poc_00149_obj000126_dining table.png,C:\Users\16598\workshop2_part2_yolo\annotated\poc_00149.jpg
poc_00150.jpg,127,chair,0.5136690139770508,0,333,121,531,121,198,23958,60.5,432.0,C:\Users\16598\workshop2_part2_yolo\masks\poc_00150_obj000127_chair.png,C:\Users\16598\workshop2_part2_yolo\crops\poc_00150_obj000127_chair.png,C:\Users\16598\workshop2_part2_yolo\annotated\poc_00150.jpg
poc_00151.jpg,128,handbag,0.3301498293876648,654,280,678,318,24,38,912,666.0,299.0,C:\Users\16598\workshop2_part2_yolo\masks\poc_00151_obj000128_handbag.png,C:\Users\16598\workshop2_part2_yolo\crops\poc_00151_obj000128_handbag.png,C:\Users\16598\workshop2_part2_yolo\annotated\poc_00151.jpg
poc_00154.jpg,129,chair,0.6655136942863464,1202,601,1348,796,146,195,28470,1275.0,698.5,C:\Users\16598\workshop2_part2_yolo\masks\poc_00154_obj000129_chair.png,C:\Users\16598\workshop2_part2_yolo\crops\poc_00154_obj000129_chair.png,C:\Users\16598\workshop2_part2_yolo\annotated\poc_00154.jpg
poc_00154.jpg,130,chair,0.2519116103649139,1518,589,1621,705,103,116,11948,1569.5,647.0,C:\Users\16598\workshop2_part2_yolo\masks\poc_00154_obj000130_chair.png,C:\Users\16598\workshop2_part2_yolo\crops\poc_00154_obj000130_chair.png,C:\Users\16598\workshop2_part2_yolo\annotated\poc_00154.jpg
poc_00155.jpg,131,backpack,0.2857226133346557,231,368,305,463,74,95,7030,268.0,415.5,C:\Users\16598\workshop2_part2_yolo\masks\poc_00155_obj000131_backpack.png,C:\Users\16598\workshop2_part2_yolo\crops\poc_00155_obj000131_backpack.png,C:\Users\16598\workshop2_part2_yolo\annotated\poc_00155.jpg
poc_00156.jpg,132,bench,0.3602266609668731,692,289,773,399,81,110,8910,732.5,344.0,C:\Users\16598\workshop2_part2_yolo\masks\poc_00156_obj000132_bench.png,C:\Users\16598\workshop2_part2_yolo\crops\poc_00156_obj000132_bench.png,C:\Users\16598\workshop2_part2_yolo\annotated\poc_00156.jpg
poc_00156.jpg,133,chair,0.295146495103836,692,287,771,395,79,108,8532,731.5,341.0,C:\Users\16598\workshop2_part2_yolo\masks\poc_00156_obj000133_chair.png,C:\Users\16598\workshop2_part2_yolo\crops\poc_00156_obj000133_chair.png,C:\Users\16598\workshop2_part2_yolo\annotated\poc_00156.jpg
poc_00158.jpg,134,handbag,0.3214088976383209,244,188,268,222,24,34,816,256.0,205.0,C:\Users\16598\workshop2_part2_yolo\masks\poc_00158_obj000134_handbag.png,C:\Users\16598\workshop2_part2_yolo\crops\poc_00158_obj000134_handbag.png,C:\Users\16598\workshop2_part2_yolo\annotated\poc_00158.jpg
poc_00163.jpg,135,chair,0.5107627511024475,0,445,203,716,203,271,55013,101.5,580.5,C:\Users\16598\workshop2_part2_yolo\masks\poc_00163_obj000135_chair.png,C:\Users\16598\workshop2_part2_yolo\crops\poc_00163_obj000135_chair.png,C:\Users\16598\workshop2_part2_yolo\annotated\poc_00163.jpg
poc_00163.jpg,136,chair,0.4380640685558319,438,454,503,542,65,88,5720,470.5,498.0,C:\Users\16598\workshop2_part2_yolo\masks\poc_00163_obj000136_chair.png,C:\Users\16598\workshop2_part2_yolo\crops\poc_00163_obj000136_chair.png,C:\Users\16598\workshop2_part2_yolo\annotated\poc_00163.jpg
poc_00168.jpg,137,bench,0.877749502658844,43,475,238,681,195,206,40170,140.5,578.0,C:\Users\16598\workshop2_part2_yolo\masks\poc_00168_obj000137_bench.png,C:\Users\16598\workshop2_part2_yolo\crops\poc_00168_obj000137_bench.png,C:\Users\16598\workshop2_part2_yolo\annotated\poc_00168.jpg
poc_00169.jpg,138,bench,0.352293312549591,371,562,763,720,392,158,61936,567.0,641.0,C:\Users\16598\workshop2_part2_yolo\masks\poc_00169_obj000138_bench.png,C:\Users\16598\workshop2_part2_yolo\crops\poc_00169_obj000138_bench.png,C:\Users\16598\workshop2_part2_yolo\annotated\poc_00169.jpg
poc_00169.jpg,139,bench,0.3053309023380279,39,472,208,655,169,183,30927,123.5,563.5,C:\Users\16598\workshop2_part2_yolo\masks\poc_00169_obj000139_bench.png,C:\Users\16598\workshop2_part2_yolo\crops\poc_00169_obj000139_bench.png,C:\Users\16598\workshop2_part2_yolo\annotated\poc_00169.jpg
poc_00169.jpg,140,bench,0.2584952414035797,476,400,535,481,59,81,4779,505.5,440.5,C:\Users\16598\workshop2_part2_yolo\masks\poc_00169_obj000140_bench.png,C:\Users\16598\workshop2_part2_yolo\crops\poc_00169_obj000140_bench.png,C:\Users\16598\workshop2_part2_yolo\annotated\poc_00169.jpg
poc_00172.jpg,141,backpack,0.8430602550506592,573,385,692,540,119,155,18445,632.5,462.5,C:\Users\16598\workshop2_part2_yolo\masks\poc_00172_obj000141_backpack.png,C:\Users\16598\workshop2_part2_yolo\crops\poc_00172_obj000141_backpack.png,C:\Users\16598\workshop2_part2_yolo\annotated\poc_00172.jpg
poc_00177.jpg,142,suitcase,0.5059777498245239,0,235,68,479,68,244,16592,34.0,357.0,C:\Users\16598\workshop2_part2_yolo\masks\poc_00177_obj000142_suitcase.png,C:\Users\16598\workshop2_part2_yolo\crops\poc_00177_obj000142_suitcase.png,C:\Users\16598\workshop2_part2_yolo\annotated\poc_00177.jpg
poc_00177.jpg,143,handbag,0.337767094373703,214,213,229,257,15,44,660,221.5,235.0,C:\Users\16598\workshop2_part2_yolo\masks\poc_00177_obj000143_handbag.png,C:\Users\16598\workshop2_part2_yolo\crops\poc_00177_obj000143_handbag.png,C:\Users\16598\workshop2_part2_yolo\annotated\poc_00177.jpg
poc_00179.jpg,144,handbag,0.6182371973991394,455,489,569,683,114,194,22116,512.0,586.0,C:\Users\16598\workshop2_part2_yolo\masks\poc_00179_obj000144_handbag.png,C:\Users\16598\workshop2_part2_yolo\crops\poc_00179_obj000144_handbag.png,C:\Users\16598\workshop2_part2_yolo\annotated\poc_00179.jpg
poc_00182.jpg,145,handbag,0.4616052508354187,85,184,108,235,23,51,1173,96.5,209.5,C:\Users\16598\workshop2_part2_yolo\masks\poc_00182_obj000145_handbag.png,C:\Users\16598\workshop2_part2_yolo\crops\poc_00182_obj000145_handbag.png,C:\Users\16598\workshop2_part2_yolo\annotated\poc_00182.jpg
poc_00185.jpg,146,cell phone,0.4499206244945526,532,230,655,539,123,309,38007,593.5,384.5,C:\Users\16598\workshop2_part2_yolo\masks\poc_00185_obj000146_cell phone.png,C:\Users\16598\workshop2_part2_yolo\crops\poc_00185_obj000146_cell phone.png,C:\Users\16598\workshop2_part2_yolo\annotated\poc_00185.jpg
poc_00186.jpg,147,vase,0.5778786540031433,1787,2,1919,600,132,598,78936,1853.0,301.0,C:\Users\16598\workshop2_part2_yolo\masks\poc_00186_obj000147_vase.png,C:\Users\16598\workshop2_part2_yolo\crops\poc_00186_obj000147_vase.png,C:\Users\16598\workshop2_part2_yolo\annotated\poc_00186.jpg
poc_00190.jpg,148,bench,0.2734408974647522,169,467,296,683,127,216,27432,232.5,575.0,C:\Users\16598\workshop2_part2_yolo\masks\poc_00190_obj000148_bench.png,C:\Users\16598\workshop2_part2_yolo\crops\poc_00190_obj000148_bench.png,C:\Users\16598\workshop2_part2_yolo\annotated\poc_00190.jpg
poc_00192.jpg,149,bench,0.4851291179656982,180,591,335,720,155,129,19995,257.5,655.5,C:\Users\16598\workshop2_part2_yolo\masks\poc_00192_obj000149_bench.png,C:\Users\16598\workshop2_part2_yolo\crops\poc_00192_obj000149_bench.png,C:\Users\16598\workshop2_part2_yolo\annotated\poc_00192.jpg
poc_00193.jpg,150,bench,0.5593481063842773,179,591,338,720,159,129,20511,258.5,655.5,C:\Users\16598\workshop2_part2_yolo\masks\poc_00193_obj000150_bench.png,C:\Users\16598\workshop2_part2_yolo\crops\poc_00193_obj000150_bench.png,C:\Users\16598\workshop2_part2_yolo\annotated\poc_00193.jpg
poc_00194.jpg,151,bench,0.6641929149627686,192,568,357,709,165,141,23265,274.5,638.5,C:\Users\16598\workshop2_part2_yolo\masks\poc_00194_obj000151_bench.png,C:\Users\16598\workshop2_part2_yolo\crops\poc_00194_obj000151_bench.png,C:\Users\16598\workshop2_part2_yolo\annotated\poc_00194.jpg
poc_00194.jpg,152,bench,0.4766124486923218,314,522,417,631,103,109,11227,365.5,576.5,C:\Users\16598\workshop2_part2_yolo\masks\poc_00194_obj000152_bench.png,C:\Users\16598\workshop2_part2_yolo\crops\poc_00194_obj000152_bench.png,C:\Users\16598\workshop2_part2_yolo\annotated\poc_00194.jpg
poc_00194.jpg,153,clock,0.2628017365932464,292,218,339,266,47,48,2256,315.5,242.0,C:\Users\16598\workshop2_part2_yolo\masks\poc_00194_obj000153_clock.png,C:\Users\16598\workshop2_part2_yolo\crops\poc_00194_obj000153_clock.png,C:\Users\16598\workshop2_part2_yolo\annotated\poc_00194.jpg
poc_00196.jpg,154,bottle,0.6344754695892334,549,117,565,175,16,58,928,557.0,146.0,C:\Users\16598\workshop2_part2_yolo\masks\poc_00196_obj000154_bottle.png,C:\Users\16598\workshop2_part2_yolo\crops\poc_00196_obj000154_bottle.png,C:\Users\16598\workshop2_part2_yolo\annotated\poc_00196.jpg
poc_00196.jpg,155,bottle,0.6177400350570679,528,117,548,179,20,62,1240,538.0,148.0,C:\Users\16598\workshop2_part2_yolo\masks\poc_00196_obj000155_bottle.png,C:\Users\16598\workshop2_part2_yolo\crops\poc_00196_obj000155_bottle.png,C:\Users\16598\workshop2_part2_yolo\annotated\poc_00196.jpg
poc_00196.jpg,156,bottle,0.5330644845962524,563,120,575,182,12,62,744,569.0,151.0,C:\Users\16598\workshop2_part2_yolo\masks\poc_00196_obj000156_bottle.png,C:\Users\16598\workshop2_part2_yolo\crops\poc_00196_obj000156_bottle.png,C:\Users\16598\workshop2_part2_yolo\annotated\poc_00196.jpg
poc_00196.jpg,157,bottle,0.3155036866664886,518,131,529,177,11,46,506,523.5,154.0,C:\Users\16598\workshop2_part2_yolo\masks\poc_00196_obj000157_bottle.png,C:\Users\16598\workshop2_part2_yolo\crops\poc_00196_obj000157_bottle.png,C:\Users\16598\workshop2_part2_yolo\annotated\poc_00196.jpg
poc_00196.jpg,158,bottle,0.2998562157154083,500,117,513,165,13,48,624,506.5,141.0,C:\Users\16598\workshop2_part2_yolo\masks\poc_00196_obj000158_bottle.png,C:\Users\16598\workshop2_part2_yolo\crops\poc_00196_obj000158_bottle.png,C:\Users\16598\workshop2_part2_yolo\annotated\poc_00196.jpg
poc_00198.jpg,159,potted plant,0.3512032032012939,585,282,636,385,51,103,5253,610.5,333.5,C:\Users\16598\workshop2_part2_yolo\masks\poc_00198_obj000159_potted plant.png,C:\Users\16598\workshop2_part2_yolo\crops\poc_00198_obj000159_potted plant.png,C:\Users\16598\workshop2_part2_yolo\annotated\poc_00198.jpg
poc_00199.jpg,160,chair,0.798877477645874,0,333,197,531,197,198,39006,98.5,432.0,C:\Users\16598\workshop2_part2_yolo\masks\poc_00199_obj000160_chair.png,C:\Users\16598\workshop2_part2_yolo\crops\poc_00199_obj000160_chair.png,C:\Users\16598\workshop2_part2_yolo\annotated\poc_00199.jpg
poc_00199.jpg,161,chair,0.4850359857082367,377,315,507,532,130,217,28210,442.0,423.5,C:\Users\16598\workshop2_part2_yolo\masks\poc_00199_obj000161_chair.png,C:\Users\16598\workshop2_part2_yolo\crops\poc_00199_obj000161_chair.png,C:\Users\16598\workshop2_part2_yolo\annotated\poc_00199.jpg
